Date,"Microsoft"
2015-07-01,7479
2015-07-02,7671
2015-07-03,6418
2015-07-04,5829
2015-07-05,6086
2015-07-06,7491
2015-07-07,7518
2015-07-08,10472
2015-07-09,9806
2015-07-10,7816
2015-07-11,6237
2015-07-12,6492
2015-07-13,7857
2015-07-14,7314
2015-07-15,7583
2015-07-16,7442
2015-07-17,6212
2015-07-18,5460
2015-07-19,5669
2015-07-20,7240
2015-07-21,7882
2015-07-22,8788
2015-07-23,8648
2015-07-24,7326
2015-07-25,6010
2015-07-26,6133
2015-07-27,8174
2015-07-28,8182
2015-07-29,10496
2015-07-30,9333
2015-07-31,8510
2015-08-01,6891
2015-08-02,6747
2015-08-03,7100
2015-08-04,8767
2015-08-05,7870
2015-08-06,7955
2015-08-07,8200
2015-08-08,6352
2015-08-09,6449
2015-08-10,8158
2015-08-11,12627
2015-08-12,11063
2015-08-13,9423
2015-08-14,8266
2015-08-15,6269
2015-08-16,6830
2015-08-17,8246
2015-08-18,8220
2015-08-19,7898
2015-08-20,7863
2015-08-21,7450
2015-08-22,6008
2015-08-23,6241
2015-08-24,8008
2015-08-25,8269
2015-08-26,8355
2015-08-27,7684
2015-08-28,7133
2015-08-29,5764
2015-08-30,6253
2015-08-31,7639
2015-09-01,8213
2015-09-02,9056
2015-09-03,8188
2015-09-04,7573
2015-09-05,6047
2015-09-06,6922
2015-09-07,7617
2015-09-08,9301
2015-09-09,10234
2015-09-10,9601
2015-09-11,8428
2015-09-12,6604
2015-09-13,8176
2015-09-14,9546
2015-09-15,9635
2015-09-16,9324
2015-09-17,10055
2015-09-18,8463
2015-09-19,6623
2015-09-20,7239
2015-09-21,9513
2015-09-22,9972
2015-09-23,8698
2015-09-24,8542
2015-09-25,8637
2015-09-26,6374
2015-09-27,9258
2015-09-28,11203
2015-09-29,10138
2015-09-30,9523
2015-10-01,8591
2015-10-02,7923
2015-10-03,6398
2015-10-04,7036
2015-10-05,8574
2015-10-06,10328
2015-10-07,10878
2015-10-08,9524
2015-10-09,10667
2015-10-10,7406
2015-10-11,8038
2015-10-12,9341
2015-10-13,10944
2015-10-14,8489
2015-10-15,9694
2015-10-16,8002
2015-10-17,7063
2015-10-18,7179
2015-10-19,8713
2015-10-20,8677
2015-10-21,8488
2015-10-22,8199
2015-10-23,8403
2015-10-24,6495
2015-10-25,6819
2015-10-26,8177
2015-10-27,8406
2015-10-28,9103
2015-10-29,8618
2015-10-30,7389
2015-10-31,5873
2015-11-01,6382
2015-11-02,8290
2015-11-03,8383
2015-11-04,8583
2015-11-05,8855
2015-11-06,8272
2015-11-07,6038
2015-11-08,6066
2015-11-09,8039
2015-11-10,7917
2015-11-11,8193
2015-11-12,8088
2015-11-13,7287
2015-11-14,5633
2015-11-15,6033
2015-11-16,7676
2015-11-17,8582
2015-11-18,8288
2015-11-19,7809
2015-11-20,7723
2015-11-21,6126
2015-11-22,6186
2015-11-23,7432
2015-11-24,7547
2015-11-25,6990
2015-11-26,6535
2015-11-27,6026
2015-11-28,5645
2015-11-29,6579
2015-11-30,9414
2015-12-01,8550
2015-12-02,9159
2015-12-03,8535
2015-12-04,7844
2015-12-05,5945
2015-12-06,6177
2015-12-07,8839
2015-12-08,8410
2015-12-09,8141
2015-12-10,7738
2015-12-11,7004
2015-12-12,5506
2015-12-13,6242
2015-12-14,7480
2015-12-15,7129
2015-12-16,7093
2015-12-17,7180
2015-12-18,6145
2015-12-19,5072
2015-12-20,5314
2015-12-21,6069
2015-12-22,6466
2015-12-23,5612
2015-12-24,5840
2015-12-25,4410
2015-12-26,4780
2015-12-27,4987
2015-12-28,5967
2015-12-29,6117
2015-12-30,5928
2015-12-31,5355
2016-01-01,4819
2016-01-02,5348
2016-01-03,5519
2016-01-04,7585
2016-01-05,7695
2016-01-06,7654
2016-01-07,7912
2016-01-08,7194
2016-01-09,5963
2016-01-10,6717
2016-01-11,8085
2016-01-12,7771
2016-01-13,8199
2016-01-14,8297
2016-01-15,7185
2016-01-16,5464
2016-01-17,6487
2016-01-18,8824
2016-01-19,9541
2016-01-20,9107
2016-01-21,9301
2016-01-22,7346
2016-01-23,5858
2016-01-24,6110
2016-01-25,7830
2016-01-26,8432
2016-01-27,8085
2016-01-28,8360
2016-01-29,8146
2016-01-30,6142
2016-01-31,6695
2016-02-01,8875
2016-02-02,9256
2016-02-03,8688
2016-02-04,8190
2016-02-05,8164
2016-02-06,6186
2016-02-07,6480
2016-02-08,9083
2016-02-09,9230
2016-02-10,9224
2016-02-11,8940
2016-02-12,33031
2016-02-13,48947
2016-02-14,7220
2016-02-15,8743
2016-02-16,9443
2016-02-17,8971
2016-02-18,9246
2016-02-19,8312
2016-02-20,7407
2016-02-21,7646
2016-02-22,8988
2016-02-23,10590
2016-02-24,9962
2016-02-25,10039
2016-02-26,9336
2016-02-27,7371
2016-02-28,7869
2016-02-29,9467
2016-03-01,9873
2016-03-02,9884
2016-03-03,9596
2016-03-04,8377
2016-03-05,7240
2016-03-06,7326
2016-03-07,9028
2016-03-08,9608
2016-03-09,9526
2016-03-10,9168
2016-03-11,8121
2016-03-12,6264
2016-03-13,6779
2016-03-14,7719
2016-03-15,7335
2016-03-16,8017
2016-03-17,8509
2016-03-18,7129
2016-03-19,5345
2016-03-20,5560
2016-03-21,7152
2016-03-22,7351
2016-03-23,6688
2016-03-24,6603
2016-03-25,5817
2016-03-26,5233
2016-03-27,5261
2016-03-28,6511
2016-03-29,7492
2016-03-30,7729
2016-03-31,7400
2016-04-01,6912
2016-04-02,5495
2016-04-03,5752
2016-04-04,9532
2016-04-05,8375
2016-04-06,8472
2016-04-07,7594
2016-04-08,7635
2016-04-09,5812
2016-04-10,7047
2016-04-11,8158
2016-04-12,7832
2016-04-13,7696
2016-04-14,7575
2016-04-15,7198
2016-04-16,6060
2016-04-17,6321
2016-04-18,8064
2016-04-19,8411
2016-04-20,7845
2016-04-21,8363
2016-04-22,8693
2016-04-23,6272
2016-04-24,6633
2016-04-25,7330
2016-04-26,7622
2016-04-27,8213
2016-04-28,7791
2016-04-29,6932
2016-04-30,5384
2016-05-01,5662
2016-05-02,7230
2016-05-03,7755
2016-05-04,7377
2016-05-05,7437
2016-05-06,6661
2016-05-07,5053
2016-05-08,5371
2016-05-09,7418
2016-05-10,8461
2016-05-11,7595
2016-05-12,8119
2016-05-13,6721
2016-05-14,5140
2016-05-15,5388
2016-05-16,7127
2016-05-17,7900
2016-05-18,8650
2016-05-19,7954
2016-05-20,7441
2016-05-21,5783
2016-05-22,6664
2016-05-23,7251
2016-05-24,7543
2016-05-25,7505
2016-05-26,7610
2016-05-27,7771
2016-05-28,5174
2016-05-29,5091
2016-05-30,6414
2016-05-31,7340
2016-06-01,7078
2016-06-02,7020
2016-06-03,6614
2016-06-04,5456
2016-06-05,5241
2016-06-06,6651
2016-06-07,7932
2016-06-08,6724
2016-06-09,7480
2016-06-10,6353
2016-06-11,5181
2016-06-12,7264
2016-06-13,16832
2016-06-14,14224
2016-06-15,12616
2016-06-16,12319
2016-06-17,10458
2016-06-18,8582
2016-06-19,8510
2016-06-20,8399
2016-06-21,8521
2016-06-22,8912
2016-06-23,7960
2016-06-24,7392
2016-06-25,5419
2016-06-26,6420
2016-06-27,8314
2016-06-28,8068
2016-06-29,7599
2016-06-30,7730
2016-07-01,6956
2016-07-02,6020
2016-07-03,6448
2016-07-04,6890
2016-07-05,7120
2016-07-06,7199
2016-07-07,7227
2016-07-08,6147
2016-07-09,5285
2016-07-10,5510
2016-07-11,6735
2016-07-12,6698
2016-07-13,6033
2016-07-14,6246
2016-07-15,6016
2016-07-16,5117
2016-07-17,5639
2016-07-18,7033
2016-07-19,7034
2016-07-20,7336
2016-07-21,6708
2016-07-22,6290
2016-07-23,5088
2016-07-24,5339
2016-07-25,6829
2016-07-26,7165
2016-07-27,7141
2016-07-28,7780
2016-07-29,7769
2016-07-30,7001
2016-07-31,6545
2016-08-01,7111
2016-08-02,6976
2016-08-03,7091
2016-08-04,6758
2016-08-05,6271
2016-08-06,5016
2016-08-07,6022
2016-08-08,6135
2016-08-09,6225
2016-08-10,6374
2016-08-11,6602
2016-08-12,6039
2016-08-13,4906
2016-08-14,4817
2016-08-15,6003
2016-08-16,6408
2016-08-17,7047
2016-08-18,7949
2016-08-19,5986
2016-08-20,4819
2016-08-21,5314
2016-08-22,6710
2016-08-23,7236
2016-08-24,7881
2016-08-25,7176
2016-08-26,6571
2016-08-27,5438
2016-08-28,5936
2016-08-29,7018
2016-08-30,7912
2016-08-31,7558
2016-09-01,7531
2016-09-02,7629
2016-09-03,5626
2016-09-04,5659
2016-09-05,6757
2016-09-06,7753
2016-09-07,8445
2016-09-08,8680
2016-09-09,8347
2016-09-10,6396
2016-09-11,6539
2016-09-12,8086
2016-09-13,8585
2016-09-14,8133
2016-09-15,9461
2016-09-16,8784
2016-09-17,9690
2016-09-18,9570
2016-09-19,9750
2016-09-20,12110
2016-09-21,10824
2016-09-22,11797
2016-09-23,10012
2016-09-24,6847
2016-09-25,7217
2016-09-26,8603
2016-09-27,9596
2016-09-28,10089
2016-09-29,8473
2016-09-30,7630
2016-10-01,5957
2016-10-02,6546
2016-10-03,7874
2016-10-04,8345
2016-10-05,8331
2016-10-06,7954
2016-10-07,7064
2016-10-08,5659
2016-10-09,5739
2016-10-10,7260
2016-10-11,7563
2016-10-12,8467
2016-10-13,7619
2016-10-14,7480
2016-10-15,6216
2016-10-16,6273
2016-10-17,7902
2016-10-18,8267
2016-10-19,7891
2016-10-20,7953
2016-10-21,8091
2016-10-22,6212
2016-10-23,7383
2016-10-24,8419
2016-10-25,9383
2016-10-26,8844
2016-10-27,9300
2016-10-28,7884
2016-10-29,6908
2016-10-30,6444
2016-10-31,7919
2016-11-01,8461
2016-11-02,8589
2016-11-03,10629
2016-11-04,8507
2016-11-05,6921
2016-11-06,7337
2016-11-07,9100
2016-11-08,8776
2016-11-09,7715
2016-11-10,7746
2016-11-11,7405
2016-11-12,6020
2016-11-13,7539
2016-11-14,9255
2016-11-15,10059
2016-11-16,10148
2016-11-17,11128
2016-11-18,10256
2016-11-19,7422
2016-11-20,8112
2016-11-21,9434
2016-11-22,11366
2016-11-23,9390
2016-11-24,8496
2016-11-25,8939
2016-11-26,7536
2016-11-27,7997
2016-11-28,9541
2016-11-29,9583
2016-11-30,11333
2016-12-01,9357
2016-12-02,9104
2016-12-03,7255
2016-12-04,7958
2016-12-05,9969
2016-12-06,9602
2016-12-07,9509
2016-12-08,9613
2016-12-09,8829
2016-12-10,7211
2016-12-11,8162
2016-12-12,9774
2016-12-13,10047
2016-12-14,9495
2016-12-15,10256
2016-12-16,8396
2016-12-17,7365
2016-12-18,8100
2016-12-19,9171
2016-12-20,8213
2016-12-21,7013
2016-12-22,6445
2016-12-23,6961
2016-12-24,4820
2016-12-25,5026
2016-12-26,5832
2016-12-27,6512
2016-12-28,6615
2016-12-29,6514
2016-12-30,6064
2016-12-31,4710
2017-01-01,5051
2017-01-02,6292
2017-01-03,7000
2017-01-04,7347
2017-01-05,7991
2017-01-06,7604
2017-01-07,7028
2017-01-08,8004
2017-01-09,8043
2017-01-10,8236
2017-01-11,8392
2017-01-12,8291
2017-01-13,10474
2017-01-14,6098
2017-01-15,6449
2017-01-16,8591
2017-01-17,8837
2017-01-18,8336
2017-01-19,8000
2017-01-20,7445
2017-01-21,6248
2017-01-22,6739
2017-01-23,8240
2017-01-24,8434
2017-01-25,8604
2017-01-26,8408
2017-01-27,8451
2017-01-28,7232
2017-01-29,7452
2017-01-30,8542
2017-01-31,9566
2017-02-01,8880
2017-02-02,9773
2017-02-03,9649
2017-02-04,6956
2017-02-05,7761
2017-02-06,8328
2017-02-07,8776
2017-02-08,8888
2017-02-09,8781
2017-02-10,8480
2017-02-11,6745
2017-02-12,6612
2017-02-13,8372
2017-02-14,8112
2017-02-15,8575
2017-02-16,8948
2017-02-17,8382
2017-02-18,7303
2017-02-19,7143
2017-02-20,8244
2017-02-21,9293
2017-02-22,10199
2017-02-23,8456
2017-02-24,7605
2017-02-25,7144
2017-02-26,6990
2017-02-27,13395
2017-02-28,9637
2017-03-01,9050
2017-03-02,8311
2017-03-03,9214
2017-03-04,6050
2017-03-05,6684
2017-03-06,8008
2017-03-07,8275
2017-03-08,8138
2017-03-09,7921
2017-03-10,7760
2017-03-11,5676
2017-03-12,6099
2017-03-13,7373
2017-03-14,8121
2017-03-15,7923
2017-03-16,7652
2017-03-17,6715
2017-03-18,5673
2017-03-19,6187
2017-03-20,8175
2017-03-21,9283
2017-03-22,8297
2017-03-23,8594
2017-03-24,7147
2017-03-25,5575
2017-03-26,5817
2017-03-27,7403
2017-03-28,8202
2017-03-29,7616
2017-03-30,7904
2017-03-31,6970
2017-04-01,5348
2017-04-02,6091
2017-04-03,7760
2017-04-04,11515
2017-04-05,10035
2017-04-06,7947
2017-04-07,6626
2017-04-08,5805
2017-04-09,5744
2017-04-10,6969
2017-04-11,7286
2017-04-12,7081
2017-04-13,6541
2017-04-14,5666
2017-04-15,5177
2017-04-16,5528
2017-04-17,6857
2017-04-18,7892
2017-04-19,7735
2017-04-20,7403
2017-04-21,7210
2017-04-22,6674
2017-04-23,5815
2017-04-24,9044
2017-04-25,8904
2017-04-26,8208
2017-04-27,8598
2017-04-28,7280
2017-04-29,7015
2017-04-30,6464
2017-05-01,7081
2017-05-02,8202
2017-05-03,8699
2017-05-04,7937
2017-05-05,8365
2017-05-06,5855
2017-05-07,6094
2017-05-08,7664
2017-05-09,8075
2017-05-10,8370
2017-05-11,7854
2017-05-12,7415
2017-05-13,6107
2017-05-14,6176
2017-05-15,9777
2017-05-16,8463
2017-05-17,8283
2017-05-18,7942
2017-05-19,7627
2017-05-20,5411
2017-05-21,6618
2017-05-22,7234
2017-05-23,7428
2017-05-24,8037
2017-05-25,7124
2017-05-26,6738
2017-05-27,5175
2017-05-28,5880
2017-05-29,6332
2017-05-30,6932
2017-05-31,7359
2017-06-01,8133
2017-06-02,6988
2017-06-03,6179
2017-06-04,5926
2017-06-05,6857
2017-06-06,8660
2017-06-07,8451
2017-06-08,7300
2017-06-09,6523
2017-06-10,5398
2017-06-11,6082
2017-06-12,7599
2017-06-13,7645
2017-06-14,7354
2017-06-15,7199
2017-06-16,7061
2017-06-17,5719
2017-06-18,5762
2017-06-19,7886
2017-06-20,8012
2017-06-21,7806
2017-06-22,6781
2017-06-23,6951
2017-06-24,4919
2017-06-25,5061
2017-06-26,6534
2017-06-27,6753
2017-06-28,7078
2017-06-29,6686
2017-06-30,6371
2017-07-01,4961
2017-07-02,6208
2017-07-03,6636
2017-07-04,6422
2017-07-05,6362
2017-07-06,8294
2017-07-07,7141
2017-07-08,5115
2017-07-09,5243
2017-07-10,6554
2017-07-11,7364
2017-07-12,6881
2017-07-13,6913
2017-07-14,6900
2017-07-15,5436
2017-07-16,5391
2017-07-17,7352
2017-07-18,7822
2017-07-19,6752
2017-07-20,6724
2017-07-21,6740
2017-07-22,5949
2017-07-23,5668
2017-07-24,7047
2017-07-25,7172
2017-07-26,7950
2017-07-27,9732
2017-07-28,8967
2017-07-29,6313
2017-07-30,5913
2017-07-31,6909
2017-08-01,6893
2017-08-02,8003
2017-08-03,6931
2017-08-04,7589
2017-08-05,5234
2017-08-06,5866
2017-08-07,6073
2017-08-08,7061
2017-08-09,6708
2017-08-10,7114
2017-08-11,6169
2017-08-12,5155
2017-08-13,5236
2017-08-14,6773
2017-08-15,6953
2017-08-16,7678
2017-08-17,6531
2017-08-18,6263
2017-08-19,5278
2017-08-20,6831
2017-08-21,7126
2017-08-22,7207
2017-08-23,8466
2017-08-24,7860
2017-08-25,7804
2017-08-26,5915
2017-08-27,5073
2017-08-28,6536
2017-08-29,6699
2017-08-30,6674
2017-08-31,6562
2017-09-01,5595
2017-09-02,4806
2017-09-03,4948
2017-09-04,5864
2017-09-05,6467
2017-09-06,7690
2017-09-07,6814
2017-09-08,6723
2017-09-09,5307
2017-09-10,6636
2017-09-11,6909
2017-09-12,8073
2017-09-13,8525
2017-09-14,8197
2017-09-15,7028
2017-09-16,5399
2017-09-17,6282
2017-09-18,7850
2017-09-19,7631
2017-09-20,7707
2017-09-21,7741
2017-09-22,7942
2017-09-23,5386
2017-09-24,5829
2017-09-25,7427
2017-09-26,8458
2017-09-27,8144
2017-09-28,7433
2017-09-29,6343
2017-09-30,4971
2017-10-01,6774
2017-10-02,6945
2017-10-03,7294
2017-10-04,8058
2017-10-05,7486
2017-10-06,7532
2017-10-07,5802
2017-10-08,5748
2017-10-09,7444
2017-10-10,8287
2017-10-11,7386
2017-10-12,7323
2017-10-13,6796
2017-10-14,6187
2017-10-15,7870
2017-10-16,7352
2017-10-17,7425
2017-10-18,8050
2017-10-19,6876
2017-10-20,6415
2017-10-21,5134
2017-10-22,5596
2017-10-23,7242
2017-10-24,7242
2017-10-25,6956
2017-10-26,7091
2017-10-27,7888
2017-10-28,5696
2017-10-29,6144
2017-10-30,9080
2017-10-31,6830
2017-11-01,7408
2017-11-02,7087
2017-11-03,8453
2017-11-04,5696
2017-11-05,7026
2017-11-06,7639
2017-11-07,7806
2017-11-08,7584
2017-11-09,7199
2017-11-10,6345
2017-11-11,6480
2017-11-12,6485
2017-11-13,7348
2017-11-14,8222
2017-11-15,8406
2017-11-16,7569
2017-11-17,7675
2017-11-18,5644
2017-11-19,5794
2017-11-20,7238
2017-11-21,7230
2017-11-22,6828
2017-11-23,7103
2017-11-24,6125
2017-11-25,6937
2017-11-26,6172
2017-11-27,10732
2017-11-28,7866
2017-11-29,7320
2017-11-30,7337
2017-12-01,6664
2017-12-02,4959
2017-12-03,5442
2017-12-04,7094
2017-12-05,7403
2017-12-06,7817
2017-12-07,6992
2017-12-08,6213
2017-12-09,5302
2017-12-10,5773
2017-12-11,7043
2017-12-12,7933
2017-12-13,6991
2017-12-14,7628
2017-12-15,6423
2017-12-16,5171
2017-12-17,5187
2017-12-18,6335
2017-12-19,6429
2017-12-20,5981
2017-12-21,6169
2017-12-22,5200
2017-12-23,5231
2017-12-24,4235
2017-12-25,4363
2017-12-26,5156
2017-12-27,5638
2017-12-28,5657
2017-12-29,5606
2017-12-30,4500
2017-12-31,4260
2018-01-01,4511
2018-01-02,5768
2018-01-03,7400
2018-01-04,6607
2018-01-05,6792
2018-01-06,6900
2018-01-07,5301
2018-01-08,6545
2018-01-09,8083
2018-01-10,7765
2018-01-11,8164
2018-01-12,6739
2018-01-13,5512
2018-01-14,5236
2018-01-15,6067
2018-01-16,7037
2018-01-17,8194
2018-01-18,7306
2018-01-19,7044
2018-01-20,5470
2018-01-21,5829
2018-01-22,8039
2018-01-23,7899
2018-01-24,7279
2018-01-25,7417
2018-01-26,8003
2018-01-27,7258
2018-01-28,5743
2018-01-29,8569
2018-01-30,10347
2018-01-31,8228
2018-02-01,8249
2018-02-02,7590
2018-02-03,7291
2018-02-04,5698
2018-02-05,7055
2018-02-06,7824
2018-02-07,7555
2018-02-08,7479
2018-02-09,6377
2018-02-10,5147
2018-02-11,6411
2018-02-12,6667
2018-02-13,7750
2018-02-14,8927
2018-02-15,7150
2018-02-16,6222
2018-02-17,5204
2018-02-18,5934
2018-02-19,9695
2018-02-20,7399
2018-02-21,9182
2018-02-22,10097
2018-02-23,7721
2018-02-24,6479
2018-02-25,7608
2018-02-26,7837
2018-02-27,8610
2018-02-28,7917
2018-03-01,7577
2018-03-02,7592
2018-03-03,5371
2018-03-04,5520
2018-03-05,6902
2018-03-06,7889
2018-03-07,7788
2018-03-08,8104
2018-03-09,6655
2018-03-10,5590
2018-03-11,5676
2018-03-12,6906
2018-03-13,8001
2018-03-14,9607
2018-03-15,7229
2018-03-16,6568
2018-03-17,6004
2018-03-18,7720
2018-03-19,9825
2018-03-20,9706
2018-03-21,9259
2018-03-22,9728
2018-03-23,8474
2018-03-24,7740
2018-03-25,7506
2018-03-26,8845
2018-03-27,9485
2018-03-28,8493
2018-03-29,7521
2018-03-30,6413
2018-03-31,5391
2018-04-01,5008
2018-04-02,6744
2018-04-03,7365
2018-04-04,9411
2018-04-05,8752
2018-04-06,6475
2018-04-07,4994
2018-04-08,6078
2018-04-09,7816
2018-04-10,6843
2018-04-11,7884
2018-04-12,7772
2018-04-13,7222
2018-04-14,4771
2018-04-15,5274
2018-04-16,6766
2018-04-17,7319
2018-04-18,7344
2018-04-19,6738
2018-04-20,6498
2018-04-21,5548
2018-04-22,6946
2018-04-23,6770
2018-04-24,6960
2018-04-25,7001
2018-04-26,6943
2018-04-27,7833
2018-04-28,8384
2018-04-29,7761
2018-04-30,8874
2018-05-01,8283
2018-05-02,7569
2018-05-03,6913
2018-05-04,6613
2018-05-05,5419
2018-05-06,5034
2018-05-07,7901
2018-05-08,7066
2018-05-09,7250
2018-05-10,7364
2018-05-11,6363
2018-05-12,5969
2018-05-13,5693
2018-05-14,7331
2018-05-15,7134
2018-05-16,6785
2018-05-17,6963
2018-05-18,8174
2018-05-19,4891
2018-05-20,5104
2018-05-21,7143
2018-05-22,7541
2018-05-23,7088
2018-05-24,6513
2018-05-25,5885
2018-05-26,4334
2018-05-27,4965
2018-05-28,6122
2018-05-29,6418
2018-05-30,6686
2018-05-31,7191
2018-06-01,5887
2018-06-02,4968
2018-06-03,5349
2018-06-04,10913
2018-06-05,9770
2018-06-06,8634
2018-06-07,7324
2018-06-08,6497
2018-06-09,5770
2018-06-10,5691
2018-06-11,6970
2018-06-12,6739
2018-06-13,6943
2018-06-14,6527
2018-06-15,5556
2018-06-16,4508
2018-06-17,4666
2018-06-18,6131
2018-06-19,7590
2018-06-20,6702
2018-06-21,6557
2018-06-22,5871
2018-06-23,4698
2018-06-24,5201
2018-06-25,6299
2018-06-26,6206
2018-06-27,7166
2018-06-28,7096
2018-06-29,6023
2018-06-30,4669
2018-07-01,6062
2018-07-02,5747
2018-07-03,5757
2018-07-04,6616
2018-07-05,5901
2018-07-06,5825
2018-07-07,4620
2018-07-08,5170
2018-07-09,6313
2018-07-10,7147
2018-07-11,7121
2018-07-12,6373
2018-07-13,5934
2018-07-14,5406
2018-07-15,4942
2018-07-16,5988
2018-07-17,7974
2018-07-18,9506
2018-07-19,6912
2018-07-20,8406
2018-07-21,6747
2018-07-22,5486
2018-07-23,7291
2018-07-24,7143
2018-07-25,7093
2018-07-26,6687
2018-07-27,6874
2018-07-28,6157
2018-07-29,7708
2018-07-30,7004
2018-07-31,6830
2018-08-01,7590
2018-08-02,7470
2018-08-03,7389
2018-08-04,5587
2018-08-05,5507
2018-08-06,6710
2018-08-07,6538
2018-08-08,7374
2018-08-09,7560
2018-08-10,5618
2018-08-11,4923
2018-08-12,5252
2018-08-13,7157
2018-08-14,6036
2018-08-15,5861
2018-08-16,6290
2018-08-17,5693
2018-08-18,4773
2018-08-19,5786
2018-08-20,6816
2018-08-21,6990
2018-08-22,6646
2018-08-23,6561
2018-08-24,6417
2018-08-25,5682
2018-08-26,5006
2018-08-27,6429
2018-08-28,6656
2018-08-29,7696
2018-08-30,7700
2018-08-31,6063
2018-09-01,5450
2018-09-02,5288
2018-09-03,6072
2018-09-04,8151
2018-09-05,8293
2018-09-06,7466
2018-09-07,6694
2018-09-08,5137
2018-09-09,7115
2018-09-10,7334
2018-09-11,7965
2018-09-12,7130
2018-09-13,7045
2018-09-14,6993
2018-09-15,5606
2018-09-16,6969
2018-09-17,7171
2018-09-18,7640
2018-09-19,7404
2018-09-20,7262
2018-09-21,6901
2018-09-22,5279
2018-09-23,6014
2018-09-24,8401
2018-09-25,7553
2018-09-26,8411
2018-09-27,8418
2018-09-28,6627
2018-09-29,5138
2018-09-30,5685
2018-10-01,10232
2018-10-02,9276
2018-10-03,8011
2018-10-04,7075
2018-10-05,6398
2018-10-06,5155
2018-10-07,5085
2018-10-08,6753
2018-10-09,7384
2018-10-10,7957
2018-10-11,7210
2018-10-12,6834
2018-10-13,5769
2018-10-14,5090
2018-10-15,16257
2018-10-16,34809
2018-10-17,13371
2018-10-18,10063
2018-10-19,9125
2018-10-20,6063
2018-10-21,6616
2018-10-22,9249
2018-10-23,7504
2018-10-24,8278
2018-10-25,8524
2018-10-26,7184
2018-10-27,5660
2018-10-28,6127
2018-10-29,7684
2018-10-30,7670
2018-10-31,6834
2018-11-01,6632
2018-11-02,6521
2018-11-03,5086
2018-11-04,5558
2018-11-05,6767
2018-11-06,10045
2018-11-07,6725
2018-11-08,6922
2018-11-09,6267
2018-11-10,7214
2018-11-11,6407
2018-11-12,7574
2018-11-13,10176
2018-11-14,7334
2018-11-15,7166
2018-11-16,6674
2018-11-17,5135
2018-11-18,6363
2018-11-19,7715
2018-11-20,7276
2018-11-21,6751
2018-11-22,6131
2018-11-23,6753
2018-11-24,6987
2018-11-25,5796
2018-11-26,7380
2018-11-27,8342
2018-11-28,8078
2018-11-29,7747
2018-11-30,7415
2018-12-01,7449
2018-12-02,7078
2018-12-03,8684
2018-12-04,7637
2018-12-05,7249
2018-12-06,7288
2018-12-07,7573
2018-12-08,7972
2018-12-09,5610
2018-12-10,9659
2018-12-11,7850
2018-12-12,7192
2018-12-13,6905
2018-12-14,6369
2018-12-15,5335
2018-12-16,5490
2018-12-17,6160
2018-12-18,8017
2018-12-19,5908
2018-12-20,6867
2018-12-21,5137
2018-12-22,6268
2018-12-23,4535
2018-12-24,5095
2018-12-25,4741
2018-12-26,5611
2018-12-27,5849
2018-12-28,6063
2018-12-29,5801
2018-12-30,4542
2018-12-31,4360
2019-01-01,4753
2019-01-02,6340
2019-01-03,7618
2019-01-04,6610
2019-01-05,6587
2019-01-06,12187
2019-01-07,8405
2019-01-08,8036
2019-01-09,7562
2019-01-10,7703
2019-01-11,8232
2019-01-12,8450
2019-01-13,6033
2019-01-14,7121
2019-01-15,7882
2019-01-16,7159
2019-01-17,7240
2019-01-18,7005
2019-01-19,6470
2019-01-20,5903
2019-01-21,6755
2019-01-22,7404
2019-01-23,7770
2019-01-24,7746
2019-01-25,6992
2019-01-26,5296
2019-01-27,6004
2019-01-28,6958
2019-01-29,7322
2019-01-30,7615
2019-01-31,7439
2019-02-01,7964
2019-02-02,5842
2019-02-03,5745
2019-02-04,6963
2019-02-05,7717
2019-02-06,7783
2019-02-07,7833
2019-02-08,7295
2019-02-09,5029
2019-02-10,5323
2019-02-11,6618
2019-02-12,8551
2019-02-13,7925
2019-02-14,8511
2019-02-15,8797
2019-02-16,6129
2019-02-17,6253
2019-02-18,6786
2019-02-19,7550
2019-02-20,7254
2019-02-21,7403
2019-02-22,6543
2019-02-23,5696
2019-02-24,5523
2019-02-25,7550
2019-02-26,7178
2019-02-27,8675
2019-02-28,6762
2019-03-01,6797
2019-03-02,6648
2019-03-03,5186
2019-03-04,7543
2019-03-05,8889
2019-03-06,7085
2019-03-07,6949
2019-03-08,6119
2019-03-09,5820
2019-03-10,5010
2019-03-11,6613
2019-03-12,7307
2019-03-13,7983
2019-03-14,7811
2019-03-15,6102
2019-03-16,4966
2019-03-17,6020
2019-03-18,6225
2019-03-19,7054
2019-03-20,7364
2019-03-21,7719
2019-03-22,6449
2019-03-23,5493
2019-03-24,7363
2019-03-25,6694
2019-03-26,6770
2019-03-27,7429
2019-03-28,7157
2019-03-29,10174
2019-03-30,4933
2019-03-31,6208
2019-04-01,6612
2019-04-02,6907
2019-04-03,7030
2019-04-04,8950
2019-04-05,7021
2019-04-06,5340
2019-04-07,6073
2019-04-08,7886
2019-04-09,7840
2019-04-10,6809
2019-04-11,7510
2019-04-12,5915
2019-04-13,4875
2019-04-14,5498
2019-04-15,6216
2019-04-16,7191
2019-04-17,6472
2019-04-18,5960
2019-04-19,5903
2019-04-20,5825
2019-04-21,4668
2019-04-22,6978
2019-04-23,7758
2019-04-24,7445
2019-04-25,11056
2019-04-26,8062
2019-04-27,6228
2019-04-28,7085
2019-04-29,7691
2019-04-30,8170
2019-05-01,7059
2019-05-02,6966
2019-05-03,6398
2019-05-04,5027
2019-05-05,5153
2019-05-06,6972
2019-05-07,6824
2019-05-08,7924
2019-05-09,6332
2019-05-10,9669
2019-05-11,6879
2019-05-12,5399
2019-05-13,7574
2019-05-14,6990
2019-05-15,6711
2019-05-16,6702
2019-05-17,6534
2019-05-18,5280
2019-05-19,5083
2019-05-20,6739
2019-05-21,6783
2019-05-22,6953
2019-05-23,6675
2019-05-24,7116
2019-05-25,5799
2019-05-26,7657
2019-05-27,5527
2019-05-28,6354
2019-05-29,6038
2019-05-30,6182
2019-05-31,7563
2019-06-01,6609
2019-06-02,5873
2019-06-03,7132
2019-06-04,7811
2019-06-05,7029
2019-06-06,8159
2019-06-07,6144
2019-06-08,5249
2019-06-09,6823
2019-06-10,8094
2019-06-11,6862
2019-06-12,7267
2019-06-13,6642
2019-06-14,6434
2019-06-15,5977
2019-06-16,6313
2019-06-17,6823
2019-06-18,6833
2019-06-19,6937
2019-06-20,6709
2019-06-21,6938
2019-06-22,4951
2019-06-23,6885
2019-06-24,7359
2019-06-25,7985
2019-06-26,7090
2019-06-27,6498
2019-06-28,6166
2019-06-29,5125
2019-06-30,5260
2019-07-01,6162
2019-07-02,8308
2019-07-03,6644
2019-07-04,6672
2019-07-05,7573
2019-07-06,6492
2019-07-07,5667
2019-07-08,8323
2019-07-09,7114
2019-07-10,8536
2019-07-11,6279
2019-07-12,8030
2019-07-13,5085
2019-07-14,5341
2019-07-15,6312
2019-07-16,6552
2019-07-17,6728
2019-07-18,8075
2019-07-19,7190
2019-07-20,5408
2019-07-21,5294
2019-07-22,6709
2019-07-23,7681
2019-07-24,7580
2019-07-25,7869
2019-07-26,6924
2019-07-27,5445
2019-07-28,7932
2019-07-29,6786
2019-07-30,7401
2019-07-31,6868
2019-08-01,7411
2019-08-02,7185
2019-08-03,5715
2019-08-04,6478
2019-08-05,6653
2019-08-06,6824
2019-08-07,9275
2019-08-08,19954
2019-08-09,7260
2019-08-10,5882
2019-08-11,5043
2019-08-12,7757
2019-08-13,7878
2019-08-14,7205
2019-08-15,7097
2019-08-16,6254
2019-08-17,5190
2019-08-18,5513
2019-08-19,6628
2019-08-20,7595
2019-08-21,7569
2019-08-22,7962
2019-08-23,6351
2019-08-24,5658
2019-08-25,5700
2019-08-26,6982
2019-08-27,7219
2019-08-28,7804
2019-08-29,8098
2019-08-30,6993
2019-08-31,6097
2019-09-01,5629
2019-09-02,6055
2019-09-03,6930
2019-09-04,6901
2019-09-05,7876
2019-09-06,6736
2019-09-07,5459
2019-09-08,5961
2019-09-09,7613
2019-09-10,9078
2019-09-11,11044
2019-09-12,9447
2019-09-13,7799
2019-09-14,6338
2019-09-15,6809
2019-09-16,8062
2019-09-17,8240
2019-09-18,9818
2019-09-19,8798
2019-09-20,9974
2019-09-21,11849
2019-09-22,12770
2019-09-23,12742
2019-09-24,13159
2019-09-25,11336
2019-09-26,10960
2019-09-27,11886
2019-09-28,8854
2019-09-29,10043
2019-09-30,10165
2019-10-01,9143
2019-10-02,10307
2019-10-03,11830
2019-10-04,12807
2019-10-05,10274
2019-10-06,9319
2019-10-07,9398
2019-10-08,9236
2019-10-09,9458
2019-10-10,8954
2019-10-11,8123
2019-10-12,7062
2019-10-13,7683
2019-10-14,8344
2019-10-15,8465
2019-10-16,8756
2019-10-17,9089
2019-10-18,8033
2019-10-19,6938
2019-10-20,7262
2019-10-21,10973
2019-10-22,9529
2019-10-23,8907
2019-10-24,9428
2019-10-25,9610
2019-10-26,9340
2019-10-27,8177
2019-10-28,9241
2019-10-29,10752
2019-10-30,12586
2019-10-31,13435
2019-11-01,12623
2019-11-02,13157
2019-11-03,12140
2019-11-04,13776
2019-11-05,15085
2019-11-06,13904
2019-11-07,14322
2019-11-08,13563
2019-11-09,12398
2019-11-10,12366
2019-11-11,14702
2019-11-12,13771
2019-11-13,16074
2019-11-14,13803
2019-11-15,12282
2019-11-16,11773
2019-11-17,13596
2019-11-18,13260
2019-11-19,13416
2019-11-20,13727
2019-11-21,14144
2019-11-22,12548
2019-11-23,11078
2019-11-24,11423
2019-11-25,12771
2019-11-26,12176
2019-11-27,13285
2019-11-28,12817
2019-11-29,11746
2019-11-30,11277
2019-12-01,11383
2019-12-02,12644
2019-12-03,12322
2019-12-04,14130
2019-12-05,13734
2019-12-06,11739
2019-12-07,10433
2019-12-08,9692
2019-12-09,11177
2019-12-10,10917
2019-12-11,9549
2019-12-12,8818
2019-12-13,7225
2019-12-14,6035
2019-12-15,6273
2019-12-16,8154
2019-12-17,7783
2019-12-18,9623
2019-12-19,10044
2019-12-20,9772
2019-12-21,8716
2019-12-22,8650
2019-12-23,9080
2019-12-24,9077
2019-12-25,8590
2019-12-26,8961
2019-12-27,6237
2019-12-28,5710
2019-12-29,6354
2019-12-30,6545
2019-12-31,5581
2020-01-01,5220
2020-01-02,6888
2020-01-03,6792
2020-01-04,6035
2020-01-05,6207
2020-01-06,7106
2020-01-07,7667
2020-01-08,6946
2020-01-09,7547
2020-01-10,12211
2020-01-11,5544
2020-01-12,6115
2020-01-13,10314
2020-01-14,9139
2020-01-15,8712
2020-01-16,8856
2020-01-17,8355
2020-01-18,6182
2020-01-19,7027
2020-01-20,8137
2020-01-21,8284
2020-01-22,12368
2020-01-23,8258
2020-01-24,7681
2020-01-25,5865
2020-01-26,5354
2020-01-27,7029
2020-01-28,7583
2020-01-29,7837
2020-01-30,8285
2020-01-31,8072
2020-02-01,5983
2020-02-02,5917
2020-02-03,7894
2020-02-04,8152
2020-02-05,8757
2020-02-06,8491
2020-02-07,7627
2020-02-08,6287
2020-02-09,6340
2020-02-10,8459
2020-02-11,8337
2020-02-12,8452
2020-02-13,8906
2020-02-14,7566
2020-02-15,6765
2020-02-16,6956
2020-02-17,7505
2020-02-18,8171
2020-02-19,7672
2020-02-20,7536
2020-02-21,7215
2020-02-22,5902
2020-02-23,6337
2020-02-24,7706
2020-02-25,7896
2020-02-26,7674
2020-02-27,8270
2020-02-28,7555
2020-02-29,6246
2020-03-01,6105
2020-03-02,7509
2020-03-03,7300
2020-03-04,7809
2020-03-05,7787
2020-03-06,7423
2020-03-07,5639
2020-03-08,5879
2020-03-09,7106
2020-03-10,6541
2020-03-11,6865
2020-03-12,7071
2020-03-13,8298
2020-03-14,16537
2020-03-15,8820
2020-03-16,8511
2020-03-17,7758
2020-03-18,8204
2020-03-19,7742
2020-03-20,7212
2020-03-21,6541
2020-03-22,6506
2020-03-23,8679
2020-03-24,8522
2020-03-25,8652
2020-03-26,8185
2020-03-27,9155
2020-03-28,8552
2020-03-29,8547
2020-03-30,8358
2020-03-31,8332
2020-04-01,9165
2020-04-02,8890
2020-04-03,9144
2020-04-04,10739
2020-04-05,9618
2020-04-06,9387
2020-04-07,8797
2020-04-08,9579
2020-04-09,8917
2020-04-10,9287
2020-04-11,7833
2020-04-12,8183
2020-04-13,9185
2020-04-14,9298
2020-04-15,9974
2020-04-16,11719
2020-04-17,9927
2020-04-18,8941
2020-04-19,10165
2020-04-20,10124
2020-04-21,9482
2020-04-22,9296
2020-04-23,9469
2020-04-24,9339
2020-04-25,8776
2020-04-26,9408
2020-04-27,9768
2020-04-28,10278
2020-04-29,9763
2020-04-30,9687
2020-05-01,9422
2020-05-02,8268
2020-05-03,9049
2020-05-04,9284
2020-05-05,9563
2020-05-06,9342
2020-05-07,9269
2020-05-08,8664
2020-05-09,7918
2020-05-10,7862
2020-05-11,8542
2020-05-12,8951
2020-05-13,8840
2020-05-14,9008
2020-05-15,8467
2020-05-16,7179
2020-05-17,7232
2020-05-18,7989
2020-05-19,8494
2020-05-20,7934
2020-05-21,7727
2020-05-22,7162
2020-05-23,6175
2020-05-24,6498
2020-05-25,7248
2020-05-26,7755
2020-05-27,7898
2020-05-28,7933
2020-05-29,7907
2020-05-30,6601
2020-05-31,6639
2020-06-01,7035
2020-06-02,6710
2020-06-03,6686
2020-06-04,6622
2020-06-05,6662
2020-06-06,5895
2020-06-07,5950
2020-06-08,6825
2020-06-09,6963
2020-06-10,7207
2020-06-11,7823
2020-06-12,7711
2020-06-13,6584
2020-06-14,6274
2020-06-15,6580
2020-06-16,6676
2020-06-17,6999
2020-06-18,7215
2020-06-19,6550
2020-06-20,5639
2020-06-21,5627
2020-06-22,7160
2020-06-23,7633
2020-06-24,6874
2020-06-25,6776
2020-06-26,7133
2020-06-27,6236
2020-06-28,6048
2020-06-29,6727
2020-06-30,6964
2020-07-01,6601
2020-07-02,7616
2020-07-03,6058
2020-07-04,5275
2020-07-05,5163
2020-07-06,6256
2020-07-07,6544
2020-07-08,6427
2020-07-09,6587
2020-07-10,6391
2020-07-11,5761
2020-07-12,5677
2020-07-13,6389
2020-07-14,6698
2020-07-15,6581
2020-07-16,6764
2020-07-17,6709
2020-07-18,6089
2020-07-19,5660
2020-07-20,6606
2020-07-21,6978
2020-07-22,7731
2020-07-23,7918
2020-07-24,7194
2020-07-25,5806
2020-07-26,5782
2020-07-27,6534
2020-07-28,6594
2020-07-29,7818
2020-07-30,7770
2020-07-31,7047
2020-08-01,8333
2020-08-02,7356
2020-08-03,11438
2020-08-04,9991
2020-08-05,8099
2020-08-06,7288
2020-08-07,7916
